NKChart,,,,,,,,,
X of n [Wavelength (nm)],n - n,X of k [Wavelength (nm)],k - k,X of nodes [Wavelength (nm)],nodes - k,X of LawCompN [Wavelength (nm)],LawCompN - n,X of LawCompK [Wavelength (nm)],LawCompK - k
1698.834037,1.792437041,1698.834037,0.006898300381,,,,,,
1695.396845,1.794362252,1695.396845,0.006907789002,,,,,,
1691.959652,1.796282015,1691.959652,0.006917366441,,,,,,
1688.522459,1.798196352,1688.522459,0.006927033141,,,,,,
1685.085266,1.800105283,1685.085266,0.006936789548,,,,,,
1681.648074,1.802008828,1681.648074,0.006946636119,,,,,,
1678.210881,1.803907008,1678.210881,0.006956573318,,,,,,
1674.773688,1.805799844,1674.773688,0.006966601616,,,,,,
1671.336495,1.807687355,1671.336495,0.006976721494,,,,,,
1667.899303,1.809569561,1667.899303,0.006986933438,,,,,,
1664.46211,1.811446484,1664.46211,0.006997237945,,,,,,
1661.024917,1.813318142,1661.024917,0.007007635518,,,,,,
1657.587724,1.815184555,1657.587724,0.007018126669,,,,,,
1654.150532,1.817045744,1654.150532,0.00702871192,,,,,,
1650.713339,1.818901728,1650.713339,0.007039391799,,,,,,
1647.276146,1.820752527,1647.276146,0.007050166843,,,,,,
1643.838953,1.82259816,1643.838953,0.007061037598,,,,,,
1640.401761,1.824438646,1640.401761,0.00707200462,,,,,,
1636.964568,1.826274006,1636.964568,0.007083068471,,,,,,
1633.527375,1.828104258,1633.527375,0.007094229725,,,,,,
1630.090182,1.829929421,1630.090182,0.007105488963,,,,,,
1626.65299,1.831749515,1626.65299,0.007116846774,,,,,,
1623.215797,1.833564559,1623.215797,0.00712830376,,,,,,
1619.778604,1.835374572,1619.778604,0.007139860529,,,,,,
1616.341411,1.837179572,1616.341411,0.0071515177,,,,,,
1612.904219,1.838979579,1612.904219,0.0071632759,,,,,,
1609.467026,1.840774611,1609.467026,0.007175135767,,,,,,
1606.029833,1.842564687,1606.029833,0.007187097949,,,,,,
1602.59264,1.844349826,1602.59264,0.007199163102,,,,,,
1599.155447,1.846130046,1599.155447,0.007211331895,,,,,,
1595.718255,1.847905365,1595.718255,0.007223605004,,,,,,
1592.281062,1.849675803,1592.281062,0.007235983117,,,,,,
1588.843869,1.851441378,1588.843869,0.007248466932,,,,,,
1585.406676,1.853202108,1585.406676,0.007261057158,,,,,,
1581.969484,1.854958011,1581.969484,0.007273754513,,,,,,
1578.532291,1.856709106,1578.532291,0.007286559728,,,,,,
1575.095098,1.85845541,1575.095098,0.007299473543,,,,,,
1571.657905,1.860196942,1571.657905,0.00731249671,,,,,,
1568.220713,1.861933721,1568.220713,0.007325629992,,,,,,
1564.78352,1.863665763,1564.78352,0.007338874164,,,,,,
1561.346327,1.865393087,1561.346327,0.007352230011,,,,,,
1557.909134,1.867115711,1557.909134,0.007365698331,,,,,,
1554.471942,1.868833653,1554.471942,0.007379279932,,,,,,
1551.034749,1.870546931,1551.034749,0.007392975638,,,,,,
1547.597556,1.872255562,1547.597556,0.00740678628,,,,,,
1544.160363,1.873959565,1544.160363,0.007420712704,,,,,,
1540.723171,1.875658956,1540.723171,0.007434755769,,,,,,
1537.285978,1.877353755,1537.285978,0.007448916346,,,,,,
1533.848785,1.879043977,1533.848785,0.007463195317,,,,,,
1530.411592,1.880729642,1530.411592,0.007477593581,,,,,,
1526.9744,1.882410766,1526.9744,0.007492112046,,,,,,
1523.537207,1.884087368,1523.537207,0.007506751636,,,,,,
1520.100014,1.885759464,1520.100014,0.007521513287,,,,,,
1516.662821,1.887427072,1516.662821,0.00753639795,,,,,,
1513.225628,1.88909021,1513.225628,0.00755140659,,,,,,
1509.788436,1.890748895,1509.788436,0.007566540184,,,,,,
1506.351243,1.892403145,1506.351243,0.007581799728,,,,,,
1502.91405,1.894052977,1502.91405,0.007597186227,,,,,,
1499.476857,1.895698408,1499.476857,0.007612700704,,,,,,
1496.039665,1.897339456,1496.039665,0.007628344197,,,,,,
1492.602472,1.898976138,1492.602472,0.007644117759,,,,,,
1489.165279,1.900608472,1489.165279,0.007660022458,,,,,,
1485.728086,1.902236474,1485.728086,0.007676059377,,,,,,
1482.290894,1.903860162,1482.290894,0.007692229618,,,,,,
1478.853701,1.905479554,1478.853701,0.007708534295,,,,,,
1475.416508,1.907094666,1475.416508,0.007724974543,,,,,,
1471.979315,1.908705517,1471.979315,0.007741551509,,,,,,
1468.542123,1.910312122,1468.542123,0.007758266361,,,,,,
1465.10493,1.9119145,1465.10493,0.007775120282,,,,,,
1461.667737,1.913512668,1461.667737,0.007792114474,,,,,,
1458.230544,1.915106643,1458.230544,0.007809250155,,,,,,
1454.793352,1.916696443,1454.793352,0.007826528563,,,,,,
1451.356159,1.918282084,1451.356159,0.007843950952,,,,,,
1447.918966,1.919863583,1447.918966,0.007861518599,,,,,,
1444.481773,1.921440959,1444.481773,0.007879232795,,,,,,
1441.044581,1.923014229,1441.044581,0.007897094853,,,,,,
1437.607388,1.924583409,1437.607388,0.007915106106,,,,,,
1434.170195,1.926148517,1434.170195,0.007933267905,,,,,,
1430.733002,1.927709571,1430.733002,0.007951581623,,,,,,
1427.29581,1.929266587,1427.29581,0.007970048653,,,,,,
1423.858617,1.930819583,1423.858617,0.007988670409,,,,,,
1420.421424,1.932368577,1420.421424,0.008007448327,,,,,,
1416.984231,1.933913586,1416.984231,0.008026383863,,,,,,
1413.547038,1.935454627,1413.547038,0.008045478497,,,,,,
1410.109846,1.936991718,1410.109846,0.008064733729,,,,,,
1406.672653,1.938524876,1406.672653,0.008084151086,,,,,,
1403.23546,1.940054118,1403.23546,0.008103732113,,,,,,
1399.798267,1.941579463,1399.798267,0.008123478382,,,,,,
1396.361075,1.943100928,1396.361075,0.008143391489,,,,,,
1392.923882,1.94461853,1392.923882,0.008163473052,,,,,,
1389.486689,1.946132286,1389.486689,0.008183724718,,,,,,
1386.049496,1.947642216,1386.049496,0.008204148154,,,,,,
1382.612304,1.949148336,1382.612304,0.008224745058,,,,,,
1379.175111,1.950650664,1379.175111,0.008245517151,,,,,,
1375.737918,1.952149217,1375.737918,0.00826646618,,,,,,
1372.300725,1.953644015,1372.300725,0.008287593923,,,,,,
1368.863533,1.955135074,1368.863533,0.008308902183,,,,,,
1365.42634,1.956622413,1365.42634,0.00833039279,,,,,,
1361.989147,1.958106049,1361.989147,0.008352067606,,,,,,
1358.551954,1.959586001,1358.551954,0.008373928519,,,,,,
1355.114762,1.961062286,1355.114762,0.008395977449,,,,,,
1351.677569,1.962534924,1351.677569,0.008418216346,,,,,,
1348.240376,1.964003931,1348.240376,0.008440647188,,,,,,
1344.803183,1.965469327,1344.803183,0.00846327199,,,,,,
1341.365991,1.966931129,1341.365991,0.008486092793,,,,,,
1337.928798,1.968389357,1337.928798,0.008509111675,,,,,,
1334.491605,1.969844028,1334.491605,0.008532330744,,,,,,
1331.054412,1.971295162,1331.054412,0.008555752145,,,,,,
1327.617219,1.972742776,1327.617219,0.008579378056,,,,,,
1324.180027,1.974186891,1324.180027,0.00860321069,,,,,,
1320.742834,1.975627523,1320.742834,0.008627252295,,,,,,
1317.305641,1.977064693,1317.305641,0.008651505157,,,,,,
1313.868448,1.97849842,1313.868448,0.008675971599,,,,,,
1310.431256,1.979928721,1310.431256,0.008700653982,,,,,,
1306.994063,1.981355618,1306.994063,0.008725554705,,,,,,
1303.55687,1.982779128,1303.55687,0.008750676207,,,,,,
1300.119677,1.984199272,1300.119677,0.008776020968,,,,,,
1296.682485,1.985616069,1296.682485,0.008801591507,,,,,,
1293.245292,1.987029538,1293.245292,0.008827390387,,,,,,
1289.808099,1.988439699,1289.808099,0.008853420212,,,,,,
1286.370906,1.989846572,1286.370906,0.008879683631,,,,,,
1282.933714,1.991250176,1282.933714,0.008906183337,,,,,,
1279.496521,1.992650533,1279.496521,0.008932922068,,,,,,
1276.059328,1.994047662,1276.059328,0.008959902607,,,,,,
1272.622135,1.995441583,1272.622135,0.008987127788,,,,,,
1269.184943,1.996832317,1269.184943,0.009014600488,,,,,,
1265.74775,1.998219884,1265.74775,0.009042323639,,,,,,
1262.310557,1.999604305,1262.310557,0.009070300218,,,,,,
1258.873364,2.000985602,1258.873364,0.009098533255,,,,,,
1255.436172,2.002363794,1255.436172,0.009127025834,,,,,,
1251.998979,2.003738903,1251.998979,0.009155781091,,,,,,
1248.561786,2.00511095,1248.561786,0.009184802215,,,,,,
1245.124593,2.006479958,1245.124593,0.009214092454,,,,,,
1241.687401,2.007845946,1241.687401,0.00924365511,,,,,,
1238.250208,2.009208938,1238.250208,0.009273493544,,,,,,
1234.813015,2.010568955,1234.813015,0.009303611177,,,,,,
1231.375822,2.011926019,1231.375822,0.009334011489,,,,,,
1227.938629,2.013280152,1227.938629,0.009364698024,,,,,,
1224.501437,2.014631378,1224.501437,0.009395674387,,,,,,
1221.064244,2.015979718,1221.064244,0.009426944249,,,,,,
1217.627051,2.017325195,1217.627051,0.009458511347,,,,,,
1214.189858,2.018667833,1214.189858,0.009490379485,,,,,,
1210.752666,2.020007655,1210.752666,0.009522552537,,,,,,
1207.315473,2.021344684,1207.315473,0.009555034445,,,,,,
1203.87828,2.022678944,1203.87828,0.009587829226,,,,,,
1200.441087,2.024010458,1200.441087,0.009620940969,,,,,,
1197.003895,2.025339252,1197.003895,0.009654373838,,,,,,
1193.566702,2.026665348,1193.566702,0.009688132077,,,,,,
1190.129509,2.027988773,1190.129509,0.009722220004,,,,,,
1186.692316,2.02930955,1186.692316,0.009756642022,,,,,,
1183.255124,2.030627704,1183.255124,0.009791402614,,,,,,
1179.817931,2.031943262,1179.817931,0.009826506348,,,,,,
1176.380738,2.033256247,1176.380738,0.009861957878,,,,,,
1172.943545,2.034566687,1172.943545,0.009897761947,,,,,,
1169.506353,2.035874608,1169.506353,0.009933923389,,,,,,
1166.06916,2.037180035,1166.06916,0.009970447127,,,,,,
1162.631967,2.038482995,1162.631967,0.01000733818,,,,,,
1159.194774,2.039783515,1159.194774,0.01004460167,,,,,,
1155.757582,2.041081623,1155.757582,0.01008224281,,,,,,
1152.320389,2.042377346,1152.320389,0.01012026692,,,,,,
1148.883196,2.043670712,1148.883196,0.01015867942,,,,,,
1145.446003,2.044961748,1145.446003,0.01019748584,,,,,,
1142.008811,2.046250485,1142.008811,0.01023669181,,,,,,
1138.571618,2.047536949,1138.571618,0.01027630309,,,,,,
1135.134425,2.04882117,1135.134425,0.01031632554,,,,,,
1131.697232,2.050103179,1131.697232,0.01035676513,,,,,,
1128.260039,2.051383004,1128.260039,0.01039762798,,,,,,
1124.822847,2.052660676,1124.822847,0.0104389203,,,,,,
1121.385654,2.053936225,1121.385654,0.01048064845,,,,,,
1117.948461,2.055209683,1117.948461,0.0105228189,,,,,,
1114.511268,2.05648108,1114.511268,0.01056543827,,,,,,
1111.074076,2.057750449,1111.074076,0.0106085133,,,,,,
1107.636883,2.059017822,1107.636883,0.01065205089,,,,,,
1104.19969,2.060283231,1104.19969,0.01069605807,,,,,,
1100.762497,2.061546709,1100.762497,0.010740542,,,,,,
1097.325305,2.06280829,1097.325305,0.01078551003,,,,,,
1093.888112,2.064068008,1093.888112,0.01083096964,,,,,,
1090.450919,2.065325896,1090.450919,0.01087692846,,,,,,
1087.013726,2.066581991,1087.013726,0.0109233943,,,,,,
1083.576534,2.067836326,1083.576534,0.01097037513,,,,,,
1080.139341,2.069088939,1080.139341,0.01101787909,,,,,,
1076.702148,2.070339864,1076.702148,0.01106591451,,,,,,
1073.264955,2.07158914,1073.264955,0.01111448987,,,,,,
1069.827763,2.072836804,1069.827763,0.01116361386,,,,,,
1066.39057,2.074082892,1066.39057,0.01121329536,,,,,,
1062.953377,2.075327445,1062.953377,0.01126354343,,,,,,
1059.516184,2.0765705,1059.516184,0.01131436735,,,,,,
1056.078992,2.077812098,1056.078992,0.01136577659,,,,,,
1052.641799,2.079052279,1052.641799,0.01141778084,,,,,,
1049.204606,2.080291084,1049.204606,0.01147039001,,,,,,
1045.767413,2.081528553,1045.767413,0.01152361423,,,,,,
1042.33022,2.08276473,1042.33022,0.01157746386,,,,,,
1038.893028,2.083999656,1038.893028,0.01163194949,,,,,,
1035.455835,2.085233376,1035.455835,0.01168708198,,,,,,
1032.018642,2.086465934,1032.018642,0.0117428724,,,,,,
1028.581449,2.087697374,1028.581449,0.01179933211,,,,,,
1025.144257,2.088927742,1025.144257,0.01185647273,,,,,,
1021.707064,2.090157084,1021.707064,0.01191430614,,,,,,
1018.269871,2.091385448,1018.269871,0.0119728445,,,,,,
1014.832678,2.092612881,1014.832678,0.01203210028,,,,,,
1011.395486,2.093839432,1011.395486,0.01209208622,,,,,,
1007.958293,2.095065151,1007.958293,0.01215281538,,,,,,
1004.5211,2.096290088,1004.5211,0.01221430115,,,,,,
1001.083907,2.097514293,1001.083907,0.01227655721,,,,,,
997.6467146,2.09873782,997.6467146,0.0123395976,,,,,,
994.2095219,2.099960721,994.2095219,0.0124034367,,,,,,
990.7723291,2.101183051,990.7723291,0.01246808924,,,,,,
989.2676765,2.101717967,989.2676765,0.01249665113,,,,,,
988.484573,2.101996329,988.484573,0.01251157954,,,,,,
987.7014696,2.102274666,987.7014696,0.01252655149,,,,,,
986.9183661,2.102552979,986.9183661,0.01254156716,,,,,,
986.1352627,2.102831268,986.1352627,0.01255662674,,,,,,
985.3521592,2.103109535,985.3521592,0.01257173042,,,,,,
984.5690557,2.103387779,984.5690557,0.01258687837,,,,,,
983.7859523,2.103666002,983.7859523,0.0126020708,,,,,,
983.0028488,2.103944203,983.0028488,0.01261730788,,,,,,
982.2197454,2.104222385,982.2197454,0.01263258982,,,,,,
981.4366419,2.104500547,981.4366419,0.01264791679,,,,,,
980.6535384,2.10477869,980.6535384,0.012663289,,,,,,
979.870435,2.105056815,979.870435,0.01267870664,,,,,,
979.0873315,2.105334923,979.0873315,0.01269416991,,,,,,
978.3042281,2.105613013,978.3042281,0.01270967899,,,,,,
977.5211246,2.105891088,977.5211246,0.01272523409,,,,,,
976.7380211,2.106169148,976.7380211,0.0127408354,,,,,,
975.9549177,2.106447192,975.9549177,0.01275648313,,,,,,
975.1718142,2.106725223,975.1718142,0.01277217748,,,,,,
974.3887108,2.107003241,974.3887108,0.01278791864,,,,,,
973.6056073,2.107281246,973.6056073,0.01280370683,,,,,,
972.8225038,2.107559239,972.8225038,0.01281954223,,,,,,
972.0394004,2.107837221,972.0394004,0.01283542507,,,,,,
971.2562969,2.108115193,971.2562969,0.01285135555,,,,,,
970.4731935,2.108393155,970.4731935,0.01286733386,,,,,,
969.69009,2.108671109,969.69009,0.01288336024,,,,,,
968.9069866,2.108949054,968.9069866,0.01289943487,,,,,,
968.1238831,2.109226991,968.1238831,0.01291555798,,,,,,
967.3407796,2.109504922,967.3407796,0.01293172978,,,,,,
966.5576762,2.109782847,966.5576762,0.01294795048,,,,,,
965.7745727,2.110060767,965.7745727,0.01296422029,,,,,,
964.9914693,2.110338682,964.9914693,0.01298053944,,,,,,
964.2083658,2.110616594,964.2083658,0.01299690814,,,,,,
963.4252623,2.110894502,963.4252623,0.01301332661,,,,,,
962.6421589,2.111172408,962.6421589,0.01302979507,,,,,,
961.8590554,2.111450313,961.8590554,0.01304631374,,,,,,
961.075952,2.111728217,961.075952,0.01306288285,,,,,,
960.2928485,2.112006122,960.2928485,0.01307950261,,,,,,
959.509745,2.112284027,959.509745,0.01309617326,,,,,,
958.7266416,2.112561933,958.7266416,0.01311289502,,,,,,
957.9435381,2.112839842,957.9435381,0.01312966812,,,,,,
957.1604347,2.113117754,957.1604347,0.01314649279,,,,,,
956.3773312,2.11339567,956.3773312,0.01316336925,,,,,,
955.5942277,2.113673591,955.5942277,0.01318029775,,,,,,
954.8111243,2.113951518,954.8111243,0.01319727852,,,,,,
954.0280208,2.11422945,954.0280208,0.01321431178,,,,,,
953.2449174,2.11450739,953.2449174,0.01323139779,,,,,,
952.4618139,2.114785338,952.4618139,0.01324853676,,,,,,
951.6787104,2.115063294,951.6787104,0.01326572896,,,,,,
950.895607,2.11534126,950.895607,0.0132829746,,,,,,
950.1125035,2.115619237,950.1125035,0.01330027395,,,,,,
949.3294001,2.115897224,949.3294001,0.01331762723,,,,,,
948.5462966,2.116175223,948.5462966,0.01333503471,,,,,,
947.7631932,2.116453236,947.7631932,0.01335249661,,,,,,
946.9800897,2.116731261,946.9800897,0.0133700132,,,,,,
946.1969862,2.117009302,946.1969862,0.01338758472,,,,,,
945.4138828,2.117287357,945.4138828,0.01340521142,,,,,,
944.6307793,2.117565429,944.6307793,0.01342289355,,,,,,
943.8476759,2.117843517,943.8476759,0.01344063138,,,,,,
943.0645724,2.118121624,943.0645724,0.01345842515,,,,,,
942.2814689,2.118399749,942.2814689,0.01347627512,,,,,,
941.4983655,2.118677893,941.4983655,0.01349418155,,,,,,
940.715262,2.118956058,940.715262,0.0135121447,,,,,,
939.9321586,2.119234244,939.9321586,0.01353016484,,,,,,
939.1490551,2.119512453,939.1490551,0.01354824222,,,,,,
938.3659516,2.119790684,938.3659516,0.01356637712,,,,,,
937.5828482,2.120068938,937.5828482,0.01358456979,,,,,,
936.7997447,2.120347218,936.7997447,0.01360282052,,,,,,
936.0166413,2.120625523,936.0166413,0.01362112956,,,,,,
935.2335378,2.120903855,935.2335378,0.0136394972,,,,,,
934.4504343,2.121182214,934.4504343,0.01365792369,,,,,,
933.6673309,2.121460601,933.6673309,0.01367640933,,,,,,
932.8842274,2.121739017,932.8842274,0.01369495438,,,,,,
932.101124,2.122017463,932.101124,0.01371355913,,,,,,
931.3180205,2.122295941,931.3180205,0.01373222385,,,,,,
930.534917,2.12257445,930.534917,0.01375094884,,,,,,
929.7518136,2.122852991,929.7518136,0.01376973436,,,,,,
928.9687101,2.123131567,928.9687101,0.01378858071,,,,,,
928.1856067,2.123410177,928.1856067,0.01380748818,,,,,,
927.4025032,2.123688822,927.4025032,0.01382645705,,,,,,
926.6193998,2.123967504,926.6193998,0.01384548761,,,,,,
925.8362963,2.124246224,925.8362963,0.01386458017,,,,,,
925.0531928,2.124524981,925.0531928,0.01388373501,,,,,,
924.2700894,2.124803778,924.2700894,0.01390295243,,,,,,
923.4869859,2.125082615,923.4869859,0.01392223273,,,,,,
922.7038825,2.125361493,922.7038825,0.0139415762,,,,,,
921.920779,2.125640413,921.920779,0.01396098316,,,,,,
921.1376755,2.125919377,921.1376755,0.01398045391,,,,,,
920.3545721,2.126198384,920.3545721,0.01399998875,,,,,,
919.5714686,2.126477436,919.5714686,0.01401958799,,,,,,
918.7883652,2.126756534,918.7883652,0.01403925194,,,,,,
918.0052617,2.12703568,918.0052617,0.01405898091,,,,,,
917.2221582,2.127314873,917.2221582,0.01407877522,,,,,,
916.4390548,2.127594115,916.4390548,0.01409863518,,,,,,
915.6559513,2.127873406,915.6559513,0.01411856112,,,,,,
914.8728479,2.128152749,914.8728479,0.01413855334,,,,,,
914.0897444,2.128432144,914.0897444,0.01415861218,,,,,,
913.3066409,2.128711591,913.3066409,0.01417873796,,,,,,
912.5235375,2.128991093,912.5235375,0.014198931,,,,,,
911.740434,2.129270649,911.740434,0.01421919164,,,,,,
910.9573306,2.129550261,910.9573306,0.0142395202,,,,,,
910.1742271,2.129829931,910.1742271,0.01425991702,,,,,,
909.3911236,2.130109658,909.3911236,0.01428038242,,,,,,
908.6080202,2.130389444,908.6080202,0.01430091676,,,,,,
907.8249167,2.130669291,907.8249167,0.01432152037,,,,,,
907.0418133,2.130949198,907.0418133,0.01434219358,,,,,,
906.2587098,2.131229168,906.2587098,0.01436293675,,,,,,
905.4756064,2.131509201,905.4756064,0.01438375022,,,,,,
904.6925029,2.131789298,904.6925029,0.01440463433,,,,,,
903.9093994,2.13206946,903.9093994,0.01442558945,,,,,,
903.126296,2.132349689,903.126296,0.01444661591,,,,,,
902.3431925,2.132629986,902.3431925,0.01446771409,,,,,,
901.5600891,2.132910351,901.5600891,0.01448888432,,,,,,
900.7769856,2.133190785,900.7769856,0.01451012698,,,,,,
899.9938821,2.133471291,899.9938821,0.01453144243,,,,,,
899.2107787,2.133751868,899.2107787,0.01455283102,,,,,,
898.4276752,2.134032518,898.4276752,0.01457429314,,,,,,
897.6445718,2.134313242,897.6445718,0.01459582914,,,,,,
896.8614683,2.134594042,896.8614683,0.0146174394,,,,,,
896.0783648,2.134874917,896.0783648,0.0146391243,,,,,,
895.2952614,2.13515587,895.2952614,0.0146608842,,,,,,
894.5121579,2.135436902,894.5121579,0.0146827195,,,,,,
893.7290545,2.135718013,893.7290545,0.01470463057,,,,,,
892.945951,2.135999205,892.945951,0.01472661779,,,,,,
892.1628475,2.136280479,892.1628475,0.01474868156,,,,,,
891.3797441,2.136561837,891.3797441,0.01477082226,,,,,,
890.5966406,2.136843278,890.5966406,0.01479304029,,,,,,
889.8135372,2.137124805,889.8135372,0.01481533604,,,,,,
889.0304337,2.137406419,889.0304337,0.01483770991,,,,,,
888.2473302,2.13768812,888.2473302,0.0148601623,,,,,,
887.4642268,2.13796991,887.4642268,0.0148826936,,,,,,
886.6811233,2.138251791,886.6811233,0.01490530424,,,,,,
885.8980199,2.138533763,885.8980199,0.01492799461,,,,,,
885.1149164,2.138815827,885.1149164,0.01495076513,,,,,,
884.331813,2.139097985,884.331813,0.01497361621,,,,,,
883.5487095,2.139380238,883.5487095,0.01499654827,,,,,,
882.765606,2.139662587,882.765606,0.01501956173,,,,,,
881.9825026,2.139945034,881.9825026,0.01504265701,,,,,,
881.1993991,2.140227579,881.1993991,0.01506583454,,,,,,
880.4162957,2.140510224,880.4162957,0.01508909474,,,,,,
879.6331922,2.140792971,879.6331922,0.01511243804,,,,,,
878.8500887,2.141075819,878.8500887,0.01513586489,,,,,,
878.0669853,2.141358771,878.0669853,0.01515937572,,,,,,
877.2838818,2.141641828,877.2838818,0.01518297096,,,,,,
876.5007784,2.141924992,876.5007784,0.01520665106,,,,,,
875.7176749,2.142208262,875.7176749,0.01523041648,,,,,,
874.9345714,2.142491642,874.9345714,0.01525426765,,,,,,
874.151468,2.142775131,874.151468,0.01527820503,,,,,,
873.3683645,2.143058732,873.3683645,0.01530222908,,,,,,
872.5852611,2.143342445,872.5852611,0.01532634025,,,,,,
871.8021576,2.143626272,871.8021576,0.01535053902,,,,,,
871.0190541,2.143910215,871.0190541,0.01537482583,,,,,,
870.2359507,2.144194274,870.2359507,0.01539920117,,,,,,
869.4528472,2.14447845,869.4528472,0.0154236655,,,,,,
868.6697438,2.144762746,868.6697438,0.0154482193,,,,,,
867.8866403,2.145047163,867.8866403,0.01547286305,,,,,,
867.1035369,2.145331701,867.1035369,0.01549759722,,,,,,
866.3204334,2.145616363,866.3204334,0.01552242232,,,,,,
865.5373299,2.145901149,865.5373299,0.01554733881,,,,,,
864.7542265,2.146186061,864.7542265,0.01557234721,,,,,,
863.971123,2.146471101,863.971123,0.01559744799,,,,,,
863.1880196,2.146756269,863.1880196,0.01562264167,,,,,,
862.4049161,2.147041568,862.4049161,0.01564792874,,,,,,
861.6218126,2.147326998,861.6218126,0.01567330972,,,,,,
860.8387092,2.14761256,860.8387092,0.0156987851,,,,,,
860.0556057,2.147898258,860.0556057,0.01572435541,,,,,,
859.2725023,2.148184091,859.2725023,0.01575002116,,,,,,
858.4893988,2.148470061,858.4893988,0.01577578288,,,,,,
857.7062953,2.14875617,857.7062953,0.01580164108,,,,,,
856.9231919,2.149042419,856.9231919,0.0158275963,,,,,,
856.1400884,2.14932881,856.1400884,0.01585364907,,,,,,
855.356985,2.149615343,855.356985,0.01587979992,,,,,,
854.5738815,2.149902021,854.5738815,0.0159060494,,,,,,
853.790778,2.150188845,853.790778,0.01593239806,,,,,,
853.0076746,2.150475817,853.0076746,0.01595884642,,,,,,
852.2245711,2.150762937,852.2245711,0.01598539506,,,,,,
851.4414677,2.151050208,851.4414677,0.01601204453,,,,,,
850.6583642,2.15133763,850.6583642,0.01603879538,,,,,,
849.8752607,2.151625206,849.8752607,0.01606564818,,,,,,
849.0921573,2.151912938,849.0921573,0.01609260349,,,,,,
848.3090538,2.152200825,848.3090538,0.0161196619,,,,,,
847.5259504,2.152488871,847.5259504,0.01614682398,,,,,,
846.7428469,2.152777076,846.7428469,0.0161740903,,,,,,
845.9597435,2.153065443,845.9597435,0.01620146146,,,,,,
845.17664,2.153353972,845.17664,0.01622893804,,,,,,
844.3935365,2.153642665,844.3935365,0.01625652064,,,,,,
843.6104331,2.153931525,843.6104331,0.01628420985,,,,,,
842.8273296,2.154220551,842.8273296,0.01631200628,,,,,,
842.0442262,2.154509747,842.0442262,0.01633991054,,,,,,
841.2611227,2.154799114,841.2611227,0.01636792323,,,,,,
840.4780192,2.155088653,840.4780192,0.01639604497,,,,,,
839.6949158,2.155378366,839.6949158,0.01642427639,,,,,,
838.9118123,2.155668254,838.9118123,0.0164526181,,,,,,
838.1287089,2.15595832,838.1287089,0.01648107074,,,,,,
837.3456054,2.156248564,837.3456054,0.01650963495,,,,,,
836.5625019,2.156538989,836.5625019,0.01653831136,,,,,,
835.7793985,2.156829596,835.7793985,0.01656710061,,,,,,
834.996295,2.157120387,834.996295,0.01659600336,,,,,,
834.2131916,2.157411364,834.2131916,0.01662502027,,,,,,
833.4300881,2.157702528,833.4300881,0.01665415198,,,,,,
832.6469846,2.157993881,832.6469846,0.01668339916,,,,,,
831.8638812,2.158285425,831.8638812,0.01671276249,,,,,,
831.0807777,2.158577161,831.0807777,0.01674224264,,,,,,
830.2976743,2.158869091,830.2976743,0.01677184028,,,,,,
829.5145708,2.159161217,829.5145708,0.0168015561,,,,,,
828.7314673,2.159453541,828.7314673,0.01683139079,,,,,,
827.9483639,2.159746065,827.9483639,0.01686134505,,,,,,
827.1652604,2.160038789,827.1652604,0.01689141957,,,,,,
826.382157,2.160331717,826.382157,0.01692161506,,,,,,
825.5990535,2.16062485,825.5990535,0.01695193224,,,,,,
824.8159501,2.160918189,824.8159501,0.01698237181,,,,,,
824.0328466,2.161211736,824.0328466,0.0170129345,,,,,,
823.2497431,2.161505494,823.2497431,0.01704362105,,,,,,
822.4666397,2.161799464,822.4666397,0.01707443217,,,,,,
821.6835362,2.162093648,821.6835362,0.01710536862,,,,,,
820.9004328,2.162388048,820.9004328,0.01713643113,,,,,,
820.1173293,2.162682666,820.1173293,0.01716762045,,,,,,
819.3342258,2.162977503,819.3342258,0.01719893735,,,,,,
818.5511224,2.163272562,818.5511224,0.01723038258,,,,,,
817.7680189,2.163567844,817.7680189,0.01726195692,,,,,,
816.9849155,2.163863352,816.9849155,0.01729366113,,,,,,
816.201812,2.164159086,816.201812,0.017325496,,,,,,
815.4187085,2.16445505,815.4187085,0.01735746231,,,,,,
814.6356051,2.164751245,814.6356051,0.01738956086,,,,,,
813.8525016,2.165047673,813.8525016,0.01742179244,,,,,,
813.0693982,2.165344337,813.0693982,0.01745415787,,,,,,
812.2862947,2.165641237,812.2862947,0.01748665794,,,,,,
811.5031912,2.165938376,811.5031912,0.01751929349,,,,,,
810.7200878,2.166235757,810.7200878,0.01755206533,,,,,,
809.9369843,2.16653338,809.9369843,0.01758497429,,,,,,
809.1538809,2.166831249,809.1538809,0.01761802122,,,,,,
808.3707774,2.167129364,808.3707774,0.01765120695,,,,,,
807.5876739,2.167427729,807.5876739,0.01768453235,,,,,,
806.8045705,2.167726345,806.8045705,0.01771799825,,,,,,
806.021467,2.168025215,806.021467,0.01775160554,,,,,,
805.2383636,2.16832434,805.2383636,0.01778535508,,,,,,
804.4552601,2.168623722,804.4552601,0.01781924776,,,,,,
803.6721567,2.168923365,803.6721567,0.01785328445,,,,,,
802.8890532,2.169223269,802.8890532,0.01788746605,,,,,,
802.1059497,2.169523437,802.1059497,0.01792179346,,,,,,
801.3228463,2.16982387,801.3228463,0.01795626759,,,,,,
800.5397428,2.170124573,800.5397428,0.01799088935,,,,,,
799.7566394,2.170425545,799.7566394,0.01802565967,,,,,,
798.9735359,2.170726791,798.9735359,0.01806057947,,,,,,
798.1904324,2.171028311,798.1904324,0.0180956497,,,,,,
797.407329,2.171330108,797.407329,0.0181308713,,,,,,
796.6242255,2.171632184,796.6242255,0.01816624521,,,,,,
795.8411221,2.171934542,795.8411221,0.01820177241,,,,,,
795.0580186,2.172237184,795.0580186,0.01823745385,,,,,,
794.2749151,2.172540112,794.2749151,0.01827329053,,,,,,
793.4918117,2.172843328,793.4918117,0.01830928341,,,,,,
792.7087082,2.173146835,792.7087082,0.0183454335,,,,,,
791.9256048,2.173450635,791.9256048,0.0183817418,,,,,,
791.1425013,2.17375473,791.1425013,0.01841820931,,,,,,
790.3593978,2.174059122,790.3593978,0.01845483705,,,,,,
789.5762944,2.174363815,789.5762944,0.01849162605,,,,,,
788.7931909,2.17466881,788.7931909,0.01852857734,,,,,,
788.0100875,2.17497411,788.0100875,0.01856569198,,,,,,
787.226984,2.175279717,787.226984,0.018602971,,,,,,
786.4438805,2.175585633,786.4438805,0.01864041547,,,,,,
785.6607771,2.175891862,785.6607771,0.01867802646,,,,,,
784.8776736,2.176198404,784.8776736,0.01871580505,,,,,,
784.0945702,2.176505264,784.0945702,0.01875375233,,,,,,
783.3114667,2.176812443,783.3114667,0.0187918694,,,,,,
782.5283633,2.177119944,782.5283633,0.01883015735,,,,,,
781.7452598,2.17742777,781.7452598,0.01886861732,,,,,,
780.9621563,2.177735922,780.9621563,0.01890725041,,,,,,
780.1790529,2.178044403,780.1790529,0.01894605778,,,,,,
779.3959494,2.178353217,779.3959494,0.01898504055,,,,,,
778.612846,2.178662365,778.612846,0.0190241999,,,,,,
777.8297425,2.17897185,777.8297425,0.01906353697,,,,,,
777.046639,2.179281675,777.046639,0.01910305295,,,,,,
776.2635356,2.179591843,776.2635356,0.01914274903,,,,,,
775.4804321,2.179902355,775.4804321,0.01918262638,,,,,,
774.6973287,2.180213215,774.6973287,0.01922268623,,,,,,
773.9142252,2.180524425,773.9142252,0.01926292978,,,,,,
773.1311217,2.180835988,773.1311217,0.01930335827,,,,,,
772.3480183,2.181147907,772.3480183,0.01934397292,,,,,,
771.5649148,2.181460184,771.5649148,0.01938477499,,,,,,
770.7818114,2.181772822,770.7818114,0.01942576574,,,,,,
769.9987079,2.182085824,769.9987079,0.01946694642,,,,,,
769.2156044,2.182399193,769.2156044,0.01950831834,,,,,,
768.432501,2.182712931,768.432501,0.01954988276,,,,,,
767.6493975,2.183027041,767.6493975,0.01959164101,,,,,,
766.8662941,2.183341527,766.8662941,0.01963359438,,,,,,
766.0831906,2.18365639,766.0831906,0.01967574422,,,,,,
765.3000872,2.183971634,765.3000872,0.01971809185,,,,,,
764.5169837,2.184287262,764.5169837,0.01976063862,,,,,,
763.7338802,2.184603276,763.7338802,0.01980338591,,,,,,
762.9507768,2.18491968,762.9507768,0.01984633507,,,,,,
762.1676733,2.185236475,762.1676733,0.0198894875,,,,,,
761.3845699,2.185553667,761.3845699,0.01993284459,,,,,,
760.6014664,2.185871256,760.6014664,0.01997640776,,,,,,
759.8183629,2.186189247,759.8183629,0.02002017843,,,,,,
759.0352595,2.186507642,759.0352595,0.02006415803,,,,,,
758.252156,2.186826444,758.252156,0.02010834801,,,,,,
757.4690526,2.187145657,757.4690526,0.02015274984,,,,,,
756.6859491,2.187465283,756.6859491,0.02019736498,,,,,,
755.9028456,2.187785325,755.9028456,0.02024219494,,,,,,
755.1197422,2.188105787,755.1197422,0.0202872412,,,,,,
754.3366387,2.188426672,754.3366387,0.02033250529,,,,,,
753.5535353,2.188747983,753.5535353,0.02037798874,,,,,,
752.7704318,2.189069722,752.7704318,0.02042369308,,,,,,
751.9873283,2.189391894,751.9873283,0.02046961988,,,,,,
751.2042249,2.189714502,751.2042249,0.0205157707,,,,,,
750.4211214,2.190037548,750.4211214,0.02056214714,,,,,,
749.638018,2.190361035,749.638018,0.02060875078,,,,,,
748.8549145,2.190684968,748.8549145,0.02065558326,,,,,,
748.071811,2.19100935,748.071811,0.02070264619,,,,,,
747.2887076,2.191334183,747.2887076,0.02074994123,,,,,,
746.5056041,2.191659472,746.5056041,0.02079747003,,,,,,
745.7225007,2.191985219,745.7225007,0.02084523427,,,,,,
744.9393972,2.192311427,744.9393972,0.02089323564,,,,,,
744.1562938,2.192638101,744.1562938,0.02094147585,,,,,,
743.3731903,2.192965244,743.3731903,0.02098995662,,,,,,
742.5900868,2.193292859,742.5900868,0.02103867968,,,,,,
741.8069834,2.19362095,741.8069834,0.0210876468,,,,,,
741.0238799,2.193949519,741.0238799,0.02113685975,,,,,,
740.2407765,2.194278571,740.2407765,0.02118632031,,,,,,
739.457673,2.19460811,739.457673,0.02123603029,,,,,,
738.6745695,2.194938138,738.6745695,0.02128599151,,,,,,
737.8914661,2.19526866,737.8914661,0.02133620581,,,,,,
737.1083626,2.195599678,737.1083626,0.02138667505,,,,,,
736.3252592,2.195931197,736.3252592,0.02143740111,,,,,,
735.5421557,2.19626322,735.5421557,0.02148838586,,,,,,
734.7590522,2.196595752,734.7590522,0.02153963124,,,,,,
733.9759488,2.196928795,733.9759488,0.02159113915,,,,,,
733.1928453,2.197262353,733.1928453,0.02164291156,,,,,,
732.4097419,2.19759643,732.4097419,0.02169495043,,,,,,
731.6266384,2.197931031,731.6266384,0.02174725773,,,,,,
730.8435349,2.198266158,730.8435349,0.02179983548,,,,,,
730.0604315,2.198601816,730.0604315,0.0218526857,,,,,,
729.277328,2.198938008,729.277328,0.02190581043,,,,,,
728.4942246,2.199274738,728.4942246,0.02195921173,,,,,,
727.7111211,2.199612011,727.7111211,0.02201289168,,,,,,
726.9280176,2.19994983,726.9280176,0.0220668524,,,,,,
726.1449142,2.2002882,726.1449142,0.02212109599,,,,,,
725.3618107,2.200627123,725.3618107,0.02217562461,,,,,,
724.5787073,2.200966605,724.5787073,0.02223044042,,,,,,
723.7956038,2.201306649,723.7956038,0.02228554561,,,,,,
723.0125004,2.20164726,723.0125004,0.02234094238,,,,,,
722.2293969,2.201988441,722.2293969,0.02239663296,,,,,,
721.4462934,2.202330196,721.4462934,0.0224526196,,,,,,
720.66319,2.202672531,720.66319,0.02250890459,,,,,,
719.8800865,2.203015448,719.8800865,0.0225654902,,,,,,
719.0969831,2.203358953,719.0969831,0.02262237877,,,,,,
718.3138796,2.203703049,718.3138796,0.02267957264,,,,,,
717.5307761,2.204047741,717.5307761,0.02273707416,,,,,,
716.7476727,2.204393033,716.7476727,0.02279488573,,,,,,
715.9645692,2.204738929,715.9645692,0.02285300976,,,,,,
715.1814658,2.205085435,715.1814658,0.02291144869,,,,,,
714.3983623,2.205432554,714.3983623,0.02297020498,,,,,,
713.6152588,2.20578029,713.6152588,0.02302928112,,,,,,
712.8321554,2.206128648,712.8321554,0.02308867962,,,,,,
712.0490519,2.206477633,712.0490519,0.023148403,,,,,,
711.2659485,2.20682725,711.2659485,0.02320845385,,,,,,
710.482845,2.207177502,710.482845,0.02326883474,,,,,,
709.6997415,2.207528395,709.6997415,0.0233295483,,,,,,
708.9166381,2.207879932,708.9166381,0.02339059715,,,,,,
708.1335346,2.208232119,708.1335346,0.02345198398,,,,,,
707.3504312,2.208584961,707.3504312,0.02351371147,,,,,,
706.5673277,2.208938462,706.5673277,0.02357578235,,,,,,
705.7842242,2.209292626,705.7842242,0.02363819938,,,,,,
705.0011208,2.209647459,705.0011208,0.02370096533,,,,,,
704.2180173,2.210002966,704.2180173,0.023764083,,,,,,
703.4349139,2.210359151,703.4349139,0.02382755525,,,,,,
702.6518104,2.21071602,702.6518104,0.02389138494,,,,,,
701.868707,2.211073576,701.868707,0.02395557495,,,,,,
701.0856035,2.211431826,701.0856035,0.02402012823,,,,,,
700.3025,2.211790774,700.3025,0.02408504773,,,,,,
699.5193966,2.212150426,699.5193966,0.02415033643,,,,,,
698.7362931,2.212510785,698.7362931,0.02421599736,,,,,,
697.9531897,2.212871858,697.9531897,0.02428203357,,,,,,
697.1700862,2.21323365,697.1700862,0.02434844815,,,,,,
696.3869827,2.213596166,696.3869827,0.02441524421,,,,,,
695.6038793,2.213959411,695.6038793,0.02448242489,,,,,,
694.8207758,2.214323389,694.8207758,0.02454999339,,,,,,
694.0376724,2.214688108,694.0376724,0.02461795292,,,,,,
693.2545689,2.215053572,693.2545689,0.02468630673,,,,,,
692.4714654,2.215419786,692.4714654,0.02475505811,,,,,,
691.688362,2.215786756,691.688362,0.02482421038,,,,,,
690.9052585,2.216154487,690.9052585,0.02489376689,,,,,,
690.1221551,2.216522984,690.1221551,0.02496373104,,,,,,
689.3390516,2.216892255,689.3390516,0.02503410626,,,,,,
688.5559481,2.217262303,688.5559481,0.02510489601,,,,,,
687.7728447,2.217633134,687.7728447,0.0251761038,,,,,,
686.9897412,2.218004755,686.9897412,0.02524773316,,,,,,
686.2066378,2.218377171,686.2066378,0.02531978768,,,,,,
685.4235343,2.218750388,685.4235343,0.02539227099,,,,,,
684.6404308,2.219124411,684.6404308,0.02546518672,,,,,,
683.8573274,2.219499246,683.8573274,0.0255385386,,,,,,
683.0742239,2.219874899,683.0742239,0.02561233034,,,,,,
682.2911205,2.220251377,682.2911205,0.02568656574,,,,,,
681.508017,2.220628685,681.508017,0.02576124862,,,,,,
680.7249136,2.221006829,680.7249136,0.02583638284,,,,,,
679.9418101,2.221385815,679.9418101,0.02591197231,,,,,,
679.1587066,2.221765649,679.1587066,0.02598802097,,,,,,
678.3756032,2.222146338,678.3756032,0.02606453282,,,,,,
677.5924997,2.222527888,677.5924997,0.0261415119,,,,,,
676.8093963,2.222910304,676.8093963,0.0262189623,,,,,,
676.0262928,2.223293594,676.0262928,0.02629688813,,,,,,
675.2431893,2.223677763,675.2431893,0.02637529359,,,,,,
674.4600859,2.224062818,674.4600859,0.02645418288,,,,,,
673.6769824,2.224448766,673.6769824,0.02653356028,,,,,,
672.893879,2.224835612,672.893879,0.02661343011,,,,,,
672.1107755,2.225223364,672.1107755,0.02669379673,,,,,,
671.327672,2.225612027,671.327672,0.02677466456,,,,,,
670.5445686,2.22600161,670.5445686,0.02685603807,,,,,,
669.7614651,2.226392117,669.7614651,0.02693792178,,,,,,
668.9783617,2.226783557,668.9783617,0.02702032024,,,,,,
668.1952582,2.227175935,668.1952582,0.02710323809,,,,,,
667.4121547,2.227569259,667.4121547,0.02718668,,,,,,
666.6290513,2.227963536,666.6290513,0.02727065069,,,,,,
665.8459478,2.228358772,665.8459478,0.02735515495,,,,,,
665.0628444,2.228754975,665.0628444,0.02744019761,,,,,,
664.2797409,2.229152151,664.2797409,0.02752578357,,,,,,
663.4966375,2.229550307,663.4966375,0.02761191778,,,,,,
662.713534,2.229949452,662.713534,0.02769860525,,,,,,
661.9304305,2.230349592,661.9304305,0.02778585104,,,,,,
661.1473271,2.230750733,661.1473271,0.02787366027,,,,,,
660.3642236,2.231152885,660.3642236,0.02796203814,,,,,,
659.5811202,2.231556053,659.5811202,0.02805098988,,,,,,
658.7980167,2.231960246,658.7980167,0.02814052081,,,,,,
658.0149132,2.232365471,658.0149132,0.02823063629,,,,,,
657.2318098,2.232771735,657.2318098,0.02832134176,,,,,,
656.4487063,2.233179046,656.4487063,0.02841264272,,,,,,
655.6656029,2.233587412,655.6656029,0.02850454473,,,,,,
654.8824994,2.233996841,654.8824994,0.02859705341,,,,,,
654.0993959,2.234407339,654.0993959,0.02869017447,,,,,,
653.3162925,2.234818916,653.3162925,0.02878391367,,,,,,
652.533189,2.235231579,652.533189,0.02887827684,,,,,,
651.7500856,2.235645336,651.7500856,0.02897326989,,,,,,
650.9669821,2.236060195,650.9669821,0.02906889878,,,,,,
650.1838786,2.236476164,650.1838786,0.02916516957,,,,,,
649.4007752,2.236893252,649.4007752,0.02926208838,,,,,,
648.6176717,2.237311466,648.6176717,0.0293596614,,,,,,
647.8345683,2.237730815,647.8345683,0.02945789489,,,,,,
647.0514648,2.238151307,647.0514648,0.0295567952,,,,,,
646.2683613,2.238572951,646.2683613,0.02965636877,,,,,,
645.4852579,2.238995754,645.4852579,0.02975662207,,,,,,
644.7021544,2.239419727,644.7021544,0.02985756171,,,,,,
643.919051,2.239844876,643.919051,0.02995919433,,,,,,
643.1359475,2.240271212,643.1359475,0.03006152668,,,,,,
642.3528441,2.240698742,642.3528441,0.0301645656,,,,,,
641.5697406,2.241127476,641.5697406,0.03026831798,,,,,,
640.7866371,2.241557422,640.7866371,0.03037279083,,,,,,
640.0035337,2.24198859,640.0035337,0.03047799123,,,,,,
639.2204302,2.242420988,639.2204302,0.03058392635,,,,,,
638.4373268,2.242854626,638.4373268,0.03069060346,,,,,,
637.6542233,2.243289512,637.6542233,0.03079802991,,,,,,
636.8711198,2.243725657,636.8711198,0.03090621314,,,,,,
636.0880164,2.244163068,636.0880164,0.03101516069,,,,,,
635.3049129,2.244601757,635.3049129,0.0311248802,,,,,,
634.5218095,2.245041731,634.5218095,0.03123537939,,,,,,
633.738706,2.245483002,633.738706,0.03134666609,,,,,,
632.9556025,2.245925577,632.9556025,0.03145874824,,,,,,
632.1724991,2.246369468,632.1724991,0.03157163385,,,,,,
631.3893956,2.246814684,631.3893956,0.03168533106,,,,,,
630.6062922,2.247261234,630.6062922,0.03179984811,,,,,,
629.8231887,2.247709129,629.8231887,0.03191519333,,,,,,
629.0400852,2.248158379,629.0400852,0.03203137518,,,,,,
628.2569818,2.248608993,628.2569818,0.0321484022,,,,,,
627.4738783,2.249060982,627.4738783,0.03226628307,,,,,,
626.6907749,2.249514357,626.6907749,0.03238502657,,,,,,
625.9076714,2.249969127,625.9076714,0.03250464158,,,,,,
625.1245679,2.250425303,625.1245679,0.03262513712,,,,,,
624.3414645,2.250882895,624.3414645,0.03274652231,,,,,,
623.558361,2.251341914,623.558361,0.03286880639,,,,,,
622.7752576,2.251802371,622.7752576,0.03299199874,,,,,,
621.9921541,2.252264277,621.9921541,0.03311610884,,,,,,
621.2090507,2.252727642,621.2090507,0.0332411463,,,,,,
620.4259472,2.253192477,620.4259472,0.03336712088,,,,,,
619.6428437,2.253658793,619.6428437,0.03349404242,,,,,,
618.8597403,2.254126602,618.8597403,0.03362192095,,,,,,
618.0766368,2.254595914,618.0766368,0.03375076658,,,,,,
617.2935334,2.255066741,617.2935334,0.03388058959,,,,,,
616.5104299,2.255539094,616.5104299,0.03401140039,,,,,,
615.7273264,2.256012985,615.7273264,0.03414320951,,,,,,
614.944223,2.256488425,614.944223,0.03427602764,,,,,,
614.1611195,2.256965426,614.1611195,0.03440986562,,,,,,
613.3780161,2.257443999,613.3780161,0.03454473442,,,,,,
612.5949126,2.257924157,612.5949126,0.03468064515,,,,,,
611.8118091,2.258405911,611.8118091,0.03481760911,,,,,,
611.0287057,2.258889274,611.0287057,0.0349556377,,,,,,
610.2456022,2.259374257,610.2456022,0.03509474252,,,,,,
609.4624988,2.259860873,609.4624988,0.03523493531,,,,,,
608.6793953,2.260349134,608.6793953,0.03537622796,,,,,,
607.8962918,2.260839052,607.8962918,0.03551863254,,,,,,
607.1131884,2.261330641,607.1131884,0.03566216129,,,,,,
606.3300849,2.261823912,606.3300849,0.0358068266,,,,,,
605.5469815,2.262318878,605.5469815,0.03595264103,,,,,,
604.763878,2.262815552,604.763878,0.03609961733,,,,,,
603.9807745,2.263313947,603.9807745,0.03624776843,,,,,,
603.1976711,2.263814076,603.1976711,0.03639710742,,,,,,
602.4145676,2.264315953,602.4145676,0.03654764758,,,,,,
601.6314642,2.264819589,601.6314642,0.03669940237,,,,,,
600.8483607,2.265325,600.8483607,0.03685238547,,,,,,
600.0652573,2.265832197,600.0652573,0.0370066107,,,,,,
599.2821538,2.266341195,599.2821538,0.03716209212,,,,,,
598.4990503,2.266852008,598.4990503,0.03731884397,,,,,,
597.7159469,2.267364648,597.7159469,0.03747688068,,,,,,
596.9328434,2.26787913,596.9328434,0.03763621689,,,,,,
596.14974,2.268395468,596.14974,0.03779686747,,,,,,
595.3666365,2.268913676,595.3666365,0.03795884748,,,,,,
594.583533,2.269433768,594.583533,0.0381221722,,,,,,
593.8004296,2.269955759,593.8004296,0.03828685712,,,,,,
593.0173261,2.270479662,593.0173261,0.03845291797,,,,,,
592.2342227,2.271005493,592.2342227,0.03862037068,,,,,,
591.4511192,2.271533266,591.4511192,0.03878923144,,,,,,
590.6680157,2.272062995,590.6680157,0.03895951666,,,,,,
589.8849123,2.272594696,589.8849123,0.03913124297,,,,,,
589.1018088,2.273128383,589.1018088,0.03930442726,,,,,,
588.3187054,2.273664073,588.3187054,0.03947908667,,,,,,
587.5356019,2.274201779,587.5356019,0.03965523858,,,,,,
586.7524984,2.274741517,586.7524984,0.03983290062,,,,,,
585.969395,2.275283302,585.969395,0.04001209069,,,,,,
585.1862915,2.275827151,585.1862915,0.04019282693,,,,,,
584.4031881,2.276373079,584.4031881,0.04037512778,,,,,,
583.6200846,2.276921101,583.6200846,0.04055901191,,,,,,
582.8369811,2.277471234,582.8369811,0.04074449831,,,,,,
582.0538777,2.278023494,582.0538777,0.04093160622,,,,,,
581.2707742,2.278577896,581.2707742,0.04112035517,,,,,,
580.4876708,2.279134457,580.4876708,0.04131076499,,,,,,
579.7045673,2.279693194,579.7045673,0.04150285579,,,,,,
578.9214639,2.280254122,578.9214639,0.041696648,,,,,,
578.1383604,2.280817259,578.1383604,0.04189216234,,,,,,
577.3552569,2.281382621,577.3552569,0.04208941985,,,,,,
576.5721535,2.281950226,576.5721535,0.04228844187,,,,,,
575.78905,2.28252009,575.78905,0.04248925008,,,,,,
575.0059466,2.28309223,575.0059466,0.04269186647,,,,,,
574.2228431,2.283666663,574.2228431,0.04289631338,,,,,,
573.4397396,2.284243408,573.4397396,0.04310261348,,,,,,
572.6566362,2.284822481,572.6566362,0.04331078977,,,,,,
571.8735327,2.2854039,571.8735327,0.04352086563,,,,,,
571.0904293,2.285987682,571.0904293,0.04373286476,,,,,,
570.3073258,2.286573847,570.3073258,0.04394681125,,,,,,
569.5242223,2.287162411,569.5242223,0.04416272956,,,,,,
568.7411189,2.287753393,568.7411189,0.04438064449,,,,,,
567.9580154,2.288346811,567.9580154,0.04460058127,,,,,,
567.174912,2.288942684,567.174912,0.04482256547,,,,,,
566.3918085,2.289541029,566.3918085,0.04504662309,,,,,,
565.608705,2.290141866,565.608705,0.04527278052,,,,,,
564.8256016,2.290745214,564.8256016,0.04550106455,,,,,,
564.0424981,2.29135109,564.0424981,0.0457315024,,,,,,
563.2593947,2.291959515,563.2593947,0.0459641217,,,,,,
562.4762912,2.292570507,562.4762912,0.04619895052,,,,,,
561.6931878,2.293184086,561.6931878,0.04643601736,,,,,,
560.9100843,2.29380027,560.9100843,0.04667535116,,,,,,
560.1269808,2.29441908,560.1269808,0.04691698134,,,,,,
559.3438774,2.295040535,559.3438774,0.04716093775,,,,,,
558.5607739,2.295664655,558.5607739,0.04740725072,,,,,,
557.7776705,2.29629146,557.7776705,0.04765595107,,,,,,
556.994567,2.296920969,556.994567,0.04790707008,,,,,,
556.2114635,2.297553202,556.2114635,0.04816063954,,,,,,
555.4283601,2.298188181,555.4283601,0.04841669175,,,,,,
554.6452566,2.298825925,554.6452566,0.0486752595,,,,,,
553.8621532,2.299466455,553.8621532,0.04893637612,,,,,,
553.0790497,2.300109791,553.0790497,0.04920007546,,,,,,
552.2959462,2.300755954,552.2959462,0.0494663919,,,,,,
551.5128428,2.301404965,551.5128428,0.04973536039,,,,,,
550.7297393,2.302056845,550.7297393,0.05000701642,,,,,,
549.9466359,2.302711615,549.9466359,0.05028139604,,,,,,
549.1635324,2.303369295,549.1635324,0.0505585359,,,,,,
548.3804289,2.304029908,548.3804289,0.05083847322,,,,,,
547.5973255,2.304693474,547.5973255,0.05112124583,,,,,,
546.814222,2.305360016,546.814222,0.05140689215,,,,,,
546.0311186,2.306029554,546.0311186,0.05169545123,,,,,,
545.2480151,2.30670211,545.2480151,0.05198696275,,,,,,
544.4649116,2.307377707,544.4649116,0.05228146702,,,,,,
543.6818082,2.308056365,543.6818082,0.052579005,,,,,,
542.8987047,2.308738108,542.8987047,0.05287961831,,,,,,
542.1156013,2.309422956,542.1156013,0.05318334927,,,,,,
541.3324978,2.310110933,541.3324978,0.05349024085,,,,,,
540.5493944,2.310802061,540.5493944,0.05380033673,,,,,,
539.7662909,2.311496361,539.7662909,0.05411368128,,,,,,
538.9831874,2.312193857,538.9831874,0.05443031963,,,,,,
538.200084,2.312894571,538.200084,0.0547502976,,,,,,
537.4169805,2.313598525,537.4169805,0.05507366178,,,,,,
536.6338771,2.314305743,536.6338771,0.0554004595,,,,,,
535.8507736,2.315016247,535.8507736,0.05573073886,,,,,,
535.0676701,2.315730059,535.0676701,0.05606454875,,,,,,
534.2845667,2.316447204,534.2845667,0.05640193885,,,,,,
533.5014632,2.317167703,533.5014632,0.05674295965,,,,,,
532.7183598,2.317891581,532.7183598,0.05708766246,,,,,,
531.9352563,2.318618859,531.9352563,0.05743609941,,,,,,
531.1521528,2.319349562,531.1521528,0.05778832351,,,,,,
530.3690494,2.320083713,530.3690494,0.05814438859,,,,,,
529.5859459,2.320821334,529.5859459,0.05850434939,,,,,,
528.8028425,2.32156245,528.8028425,0.05886826152,,,,,,
528.019739,2.322307084,528.019739,0.05923618149,,,,,,
527.2366355,2.323055258,527.2366355,0.05960816673,,,,,,
526.4535321,2.323806998,526.4535321,0.05998427561,,,,,,
525.6704286,2.324562326,525.6704286,0.06036456744,,,,,,
524.8873252,2.325321266,524.8873252,0.06074910248,,,,,,
524.1042217,2.326083841,524.1042217,0.06113794197,,,,,,
523.3211182,2.326850076,523.3211182,0.06153114813,,,,,,
522.5380148,2.327619994,522.5380148,0.06192878421,,,,,,
521.7549113,2.328393619,521.7549113,0.06233091443,,,,,,
520.9718079,2.329170974,520.9718079,0.06273760409,,,,,,
520.1887044,2.329952083,520.1887044,0.0631489195,,,,,,
519.405601,2.330736971,519.405601,0.06356492805,,,,,,
518.6224975,2.331525661,518.6224975,0.0639856982,,,,,,
517.839394,2.332318177,517.839394,0.06441129948,,,,,,
517.0562906,2.333114544,517.0562906,0.06484180255,,,,,,
516.2731871,2.333914784,516.2731871,0.06527727918,,,,,,
515.4900837,2.334718921,515.4900837,0.06571780225,,,,,,
514.7069802,2.335526981,514.7069802,0.06616344582,,,,,,
513.9238767,2.336338987,513.9238767,0.06661428508,,,,,,
513.1407733,2.337154964,513.1407733,0.0670703964,,,,,,
512.3576698,2.337974934,512.3576698,0.06753185734,,,,,,
511.5745664,2.338798923,511.5745664,0.06799874664,,,,,,
510.7914629,2.339626955,510.7914629,0.06847114427,,,,,,
510.0083594,2.340459054,510.0083594,0.06894913142,,,,,,
509.225256,2.341295244,509.225256,0.06943279049,,,,,,
508.4421525,2.342135551,508.4421525,0.06992220515,,,,,,
507.6590491,2.342979998,507.6590491,0.0704174603,,,,,,
506.8759456,2.343828611,506.8759456,0.07091864213,,,,,,
506.0928421,2.344681415,506.0928421,0.07142583807,,,,,,
505.3097387,2.345538434,505.3097387,0.07193913686,,,,,,
504.5266352,2.346399694,504.5266352,0.07245862852,,,,,,
503.7435318,2.34726522,503.7435318,0.07298440435,,,,,,
502.9604283,2.348135039,502.9604283,0.07351655695,,,,,,
502.1773248,2.349009176,502.1773248,0.07405518025,,,,,,
501.3942214,2.349887658,501.3942214,0.07460036946,,,,,,
500.6111179,2.350770512,500.6111179,0.07515222109,,,,,,
499.8280145,2.351657766,499.8280145,0.075710833,,,,,,
499.044911,2.352549446,499.044911,0.0762763043,,,,,,
498.2618076,2.353445583,498.2618076,0.07684873543,,,,,,
497.4787041,2.354346205,497.4787041,0.07742822814,,,,,,
496.6956006,2.355251343,496.6956006,0.07801488544,,,,,,
495.9124972,2.356161027,495.9124972,0.07860881164,,,,,,
495.1293937,2.35707529,495.1293937,0.07921011229,,,,,,
494.3462903,2.357994165,494.3462903,0.07981889421,,,,,,
493.5631868,2.358917687,493.5631868,0.08043526544,,,,,,
492.7800833,2.359845892,492.7800833,0.08105933525,,,,,,
491.9969799,2.360778819,491.9969799,0.08169121406,,,,,,
491.2138764,2.361716507,491.2138764,0.08233101348,,,,,,
490.430773,2.362659,490.430773,0.08297884619,,,,,,
489.6476695,2.363606342,489.6476695,0.083634826,,,,,,
488.864566,2.364558581,488.864566,0.08429906772,,,,,,
488.0814626,2.365515769,488.0814626,0.08497168715,,,,,,
487.2983591,2.366477963,487.2983591,0.08565280103,,,,,,
486.5152557,2.36744522,486.5152557,0.08634252695,,,,,,
485.7321522,2.368417608,485.7321522,0.08704098327,,,,,,
484.9490487,2.369395197,484.9490487,0.08774828907,,,,,,
484.1659453,2.370378064,484.1659453,0.08846456403,,,,,,
483.3828418,2.371366296,483.3828418,0.08918992833,,,,,,
482.5997384,2.372359988,482.5997384,0.08992450252,,,,,,
481.8166349,2.373359244,481.8166349,0.0906684074,,,,,,
481.0335314,2.374364182,481.0335314,0.09142176382,,,,,,
480.250428,2.375374935,480.250428,0.09218469255,,,,,,
479.4673245,2.376391651,479.4673245,0.09295731401,,,,,,
478.6842211,2.3774145,478.6842211,0.09373974807,,,,,,
477.9011176,2.378443676,477.9011176,0.0945321137,,,,,,
477.1180142,2.379479402,477.1180142,0.09533452865,,,,,,
476.3349107,2.380521937,476.3349107,0.09614710899,,,,,,
475.5518072,2.381571585,475.5518072,0.09696996857,,,,,,
474.7687038,2.382628707,474.7687038,0.09780321831,,,,,,
473.9856003,2.383693737,473.9856003,0.09864696522,,,,,,
473.2024969,2.384767208,473.2024969,0.09950131112,,,,,,
472.4193934,2.38584979,472.4193934,0.1003663507,,,,,,
471.6362899,2.386942351,471.6362899,0.1012421682,,,,,,
470.8531865,2.388046082,470.8531865,0.102128832,,,,,,
470.070083,2.389162764,470.070083,0.1030263819,,,,,,
469.2869796,2.390295715,469.2869796,0.1039347867,,,,,,
468.5038761,2.391452841,468.5038761,0.1048598163,,,,,,
467.7207726,2.392628584,467.7207726,0.1058124869,,,,,,
466.9376692,2.393817512,466.9376692,0.1067933215,,,,,,
466.1545657,2.39501686,466.1545657,0.1078025198,,,,,,
465.3714623,2.396224627,465.3714623,0.1088402477,,,,,,
464.5883588,2.397439194,464.5883588,0.1099066527,,,,,,
463.8052553,2.398659175,463.8052553,0.1110018708,,,,,,
463.0221519,2.399883336,463.0221519,0.1121260285,,,,,,
462.2390484,2.401110554,462.2390484,0.1132792452,,,,,,
461.455945,2.402339782,461.455945,0.1144616336,,,,,,
460.6728415,2.403570037,460.6728415,0.1156733003,,,,,,
459.8897381,2.404800378,459.8897381,0.1169143458,,,,,,
459.1066346,2.406029903,459.1066346,0.1181848652,,,,,,
458.3235311,2.407257735,458.3235311,0.1194849472,,,,,,
457.5404277,2.408483022,457.5404277,0.1208146746,,,,,,
456.7573242,2.409704925,456.7573242,0.1221741239,,,,,,
455.9742208,2.41092262,455.9742208,0.1235633648,,,,,,
455.1911173,2.412135292,455.1911173,0.12498246,,,,,,
454.4080138,2.413342134,454.4080138,0.1264314647,,,,,,
453.6249104,2.414542341,453.6249104,0.1279104262,,,,,,
452.8418069,2.415735111,452.8418069,0.1294193834,,,,,,
452.0587035,2.416919645,452.0587035,0.1309583663,,,,,,
451.2756,2.418095139,451.2756,0.1325273951,,,,,,
450.4924965,2.41926079,450.4924965,0.13412648,,,,,,
449.7093931,2.420415789,449.7093931,0.1357556202,,,,,,
448.9262896,2.421559326,448.9262896,0.1374148035,,,,,,
448.1431862,2.422690581,448.1431862,0.1391040053,,,,,,
447.3600827,2.423808731,447.3600827,0.1408231876,,,,,,
446.5769792,2.424912945,446.5769792,0.142572299,,,,,,
445.7938758,2.426002384,445.7938758,0.1443512727,,,,,,
445.0107723,2.427076202,445.0107723,0.1461600266,,,,,,
444.2276689,2.428133543,444.2276689,0.1479984615,,,,,,
443.4445654,2.429173542,443.4445654,0.1498664609,,,,,,
442.6614619,2.430195325,442.6614619,0.1517638892,,,,,,
441.8783585,2.431198009,441.8783585,0.1536905911,,,,,,
441.095255,2.432180701,441.095255,0.1556463904,,,,,,
440.3121516,2.433142497,440.3121516,0.1576310887,,,,,,
439.5290481,2.434082484,439.5290481,0.1596444641,,,,,,
438.7459447,2.43499974,438.7459447,0.1616862702,,,,,,
437.9628412,2.435893332,437.9628412,0.1637562348,,,,,,
437.1797377,2.436762318,437.1797377,0.1658540583,,,,,,
436.3966343,2.437605747,436.3966343,0.1679794126,,,,,,
435.6135308,2.43842266,435.6135308,0.1701319395,,,,,,
434.8304274,2.439212088,434.8304274,0.1723112494,,,,,,
434.0473239,2.439973056,434.0473239,0.1745169199,,,,,,
433.2642204,2.440704582,433.2642204,0.1767484941,,,,,,
432.481117,2.441405678,432.481117,0.1790054792,,,,,,
431.6980135,2.44207535,431.6980135,0.1812873449,,,,,,
430.9149101,2.442712602,430.9149101,0.1835935223,,,,,,
430.1318066,2.443316433,430.1318066,0.1859234016,,,,,,
429.3487031,2.443885842,429.3487031,0.1882763311,,,,,,
428.5655997,2.444419828,428.5655997,0.1906516156,,,,,,
427.7824962,2.444917391,427.7824962,0.1930485148,,,,,,
426.9993928,2.445377535,426.9993928,0.1954662417,,,,,,
426.2162893,2.445799269,426.2162893,0.1979039616,,,,,,
425.4331858,2.446181609,425.4331858,0.20036079,,,,,,
424.6500824,2.446523582,424.6500824,0.2028357919,,,,,,
423.8669789,2.446824225,423.8669789,0.20532798,,,,,,
423.0838755,2.447082591,423.0838755,0.207836314,,,,,,
422.300772,2.447297751,422.300772,0.2103596989,,,,,,
421.5176685,2.447468795,421.5176685,0.2128969846,,,,,,
420.7345651,2.447594835,420.7345651,0.2154469646,,,,,,
419.9514616,2.447675013,419.9514616,0.2180083757,,,,,,
419.1683582,2.447708497,419.1683582,0.2205798968,,,,,,
418.3852547,2.447694492,418.3852547,0.223160149,,,,,,
417.6021513,2.447632237,417.6021513,0.2257476955,,,,,,
416.8190478,2.447521014,416.8190478,0.228341041,,,,,,
416.0359443,2.447360149,416.0359443,0.2309386325,,,,,,
415.2528409,2.447149018,415.2528409,0.2335388598,,,,,,
414.4697374,2.446887049,414.4697374,0.2361400559,,,,,,
413.686634,2.44657373,413.686634,0.2387404982,,,,,,
412.9035305,2.446208608,412.9035305,0.2413384101,,,,,,
412.120427,2.4457913,412.120427,0.2439319623,,,,,,
411.3373236,2.445321491,411.3373236,0.2465192751,,,,,,
410.5542201,2.444798944,410.5542201,0.2490984209,,,,,,
409.7711167,2.444223501,409.7711167,0.2516674266,,,,,,
408.9880132,2.443595089,408.9880132,0.2542242769,,,,,,
408.2049097,2.442913724,408.2049097,0.2567669179,,,,,,
407.4218063,2.442179516,407.4218063,0.2592932613,,,,,,
406.6387028,2.441392673,406.6387028,0.2618011881,,,,,,
405.8555994,2.440553504,405.8555994,0.2642885539,,,,,,
405.0724959,2.439662423,405.0724959,0.2667531942,,,,,,
404.2893924,2.438719954,404.2893924,0.2691929293,,,,,,
403.506289,2.437726734,403.506289,0.2716055712,,,,,,
402.7231855,2.436683513,402.7231855,0.2739889291,,,,,,
401.9400821,2.43559116,401.9400821,0.2763408168,,,,,,
401.1569786,2.434450665,401.1569786,0.2786590598,,,,,,
400.3738751,2.433263138,400.3738751,0.280941502,,,,,,
399.5907717,2.432029813,399.5907717,0.2831860145,,,,,,
398.8076682,2.430752045,398.8076682,0.2853905026,,,,,,
398.0245648,2.429431316,398.0245648,0.2875529146,,,,,,
397.2414613,2.428069226,397.2414613,0.28967125,,,,,,
396.4583579,2.426667501,396.4583579,0.291743568,,,,,,
395.6752544,2.425227985,395.6752544,0.293767996,,,,,,
394.8921509,2.423752637,394.8921509,0.2957427383,,,,,,
394.1090475,2.422243534,394.1090475,0.2976660843,,,,,,
393.325944,2.420702859,393.325944,0.2995364176,,,,,,
392.5428406,2.419132903,392.5428406,0.3013522234,,,,,,
391.7597371,2.417536054,391.7597371,0.3031120971,,,,,,
390.9766336,2.415914796,390.9766336,0.3048147517,,,,,,
390.1935302,2.414271698,390.1935302,0.3064590251,,,,,,
389.4104267,2.412609411,389.4104267,0.3080438871,,,,,,
388.6273233,2.410930655,388.6273233,0.3095684456,,,,,,
387.8442198,2.409238215,387.8442198,0.3110319523,,,,,,
387.0611163,2.407534927,387.0611163,0.3124338079,,,,,,
386.2780129,2.405823674,386.2780129,0.3137735667,,,,,,
385.4949094,2.404107371,385.4949094,0.3150509399,,,,,,
384.711806,2.402388958,384.711806,0.3162657989,,,,,,
383.9287025,2.400671389,383.9287025,0.3174181771,,,,,,
383.145599,2.398957617,383.145599,0.3185082715,,,,,,
382.3624956,2.39725059,382.3624956,0.3195364425,,,,,,
381.5793921,2.395553234,381.5793921,0.320503214,,,,,,
380.7962887,2.393868446,380.7962887,0.3214092717,,,,,,
380.0131852,2.39219908,380.0131852,0.3222554611,,,,,,
379.2300817,2.390547939,379.2300817,0.323042784,,,,,,
378.4469783,2.388917763,378.4469783,0.3237723948,,,,,,
377.6638748,2.38731122,377.6638748,0.3244455958,,,,,,
376.8807714,2.385730896,376.8807714,0.3250638314,,,,,,
376.0976679,2.384179286,376.0976679,0.3256286821,,,,,,
375.3145645,2.382658786,375.3145645,0.3261418574,,,,,,
374.531461,2.381171684,374.531461,0.3266051883,,,,,,
373.7483575,2.379720154,373.7483575,0.3270206193,,,,,,
372.9652541,2.37830625,372.9652541,0.3273901996,,,,,,
372.1821506,2.376931897,372.1821506,0.3277160744,,,,,,
371.3990472,2.37559889,371.3990472,0.3280004754,,,,,,
370.6159437,2.37430889,370.6159437,0.3282457111,,,,,,
369.8328402,2.373063415,369.8328402,0.3284541576,,,,,,
369.0497368,2.371863845,369.0497368,0.3286282481,,,,,,
368.2666333,2.370711415,368.2666333,0.3287704632,,,,,,
367.4835299,2.369607216,367.4835299,0.3288833214,,,,,,
366.7004264,2.368552196,366.7004264,0.3289693689,,,,,,
365.9173229,2.367547156,365.9173229,0.3290311702,,,,,,
365.1342195,2.366592758,365.1342195,0.3290712989,,,,,,
364.351116,2.365689521,364.351116,0.3290923284,,,,,,
363.5680126,2.364837827,363.5680126,0.3290968235,,,,,,
362.7849091,2.364037922,362.7849091,0.3290873319,,,,,,
362.0018056,2.363289922,362.0018056,0.3290663761,,,,,,
361.2187022,2.362593815,361.2187022,0.3290364465,,,,,,
360.4355987,2.361949468,360.4355987,0.3289999939,,,,,,
359.6524953,2.361356627,359.6524953,0.3289594235,,,,,,
358.8693918,2.360814931,358.8693918,0.3289170887,,,,,,
358.0862884,2.360323907,358.0862884,0.3288752857,,,,,,
357.3031849,2.359882984,357.3031849,0.3288362489,,,,,,
356.5200814,2.359491497,356.5200814,0.3288021463,,,,,,
355.736978,2.359148688,355.736978,0.3287750757,,,,,,
354.9538745,2.358853721,354.9538745,0.3287570619,,,,,,
354.1707711,2.358605679,354.1707711,0.3287500533,,,,,,
353.3876676,2.358403579,353.3876676,0.3287559201,,,,,,
352.6045641,2.358246371,352.6045641,0.3287764522,,,,,,
351.8214607,2.358132947,351.8214607,0.3288133582,,,,,,
351.0383572,2.358062147,351.0383572,0.3288682641,,,,,,
350.2552538,2.358032764,350.2552538,0.3289427133,,,,,,
349.4721503,2.358043551,349.4721503,0.329038166,,,,,,
348.6890468,2.358093225,348.6890468,0.3291559997,,,,,,
347.9059434,2.358180473,347.9059434,0.3292975096,,,,,,
347.1228399,2.358303957,347.1228399,0.3294639096,,,,,,
346.3397365,2.358462317,346.3397365,0.3296563336,,,,,,
345.556633,2.358654179,345.556633,0.3298758363,,,,,,
344.7735295,2.358878156,344.7735295,0.3301233955,,,,,,
343.9904261,2.359132856,343.9904261,0.3303999132,,,,,,
343.2073226,2.35941688,343.2073226,0.3307062181,,,,,,
342.4242192,2.359728832,342.4242192,0.3310430675,,,,,,
341.6411157,2.360067316,341.6411157,0.3314111492,,,,,,
340.8580122,2.360430946,340.8580122,0.3318110844,,,,,,
340.0749088,2.360818341,340.0749088,0.3322434297,,,,,,
339.2918053,2.361228134,339.2918053,0.3327086796,,,,,,
338.5087019,2.361658973,338.5087019,0.3332072689,,,,,,
337.7255984,2.362109519,337.7255984,0.3337395755,,,,,,
336.942495,2.362578455,336.942495,0.3343059229,,,,,,
336.1593915,2.36306448,336.1593915,0.3349065822,,,,,,
335.376288,2.363566316,335.376288,0.3355417755,,,,,,
334.5931846,2.364082708,334.5931846,0.3362116775,,,,,,
333.8100811,2.364612425,333.8100811,0.3369164186,,,,,,
333.0269777,2.365154259,333.0269777,0.3376560872,,,,,,
332.2438742,2.36570703,332.2438742,0.3384307318,,,,,,
331.4607707,2.366269583,331.4607707,0.3392403635,,,,,,
330.6776673,2.366840789,330.6776673,0.3400849582,,,,,,
329.8945638,2.367419549,329.8945638,0.3409644591,,,,,,
329.1114604,2.368004789,329.1114604,0.3418787784,,,,,,
328.3283569,2.368595463,328.3283569,0.3428277993,,,,,,
327.5452534,2.369190556,327.5452534,0.3438113786,,,,,,
326.76215,2.369789077,326.76215,0.3448293479,,,,,,
325.9790465,2.370390066,325.9790465,0.3458815159,,,,,,
325.1959431,2.370992589,325.1959431,0.3469676698,,,,,,
324.4128396,2.371595739,324.4128396,0.3480875773,,,,,,
323.6297361,2.372198639,323.6297361,0.3492409881,,,,,,
322.8466327,2.372800437,322.8466327,0.3504276351,,,,,,
322.0635292,2.373400308,322.0635292,0.3516472365,,,,,,
321.2804258,2.373997453,321.2804258,0.3528994964,,,,,,
320.4973223,2.374591098,320.4973223,0.3541841068,,,,,,
319.7142188,2.375180497,319.7142188,0.3555007484,,,,,,
318.9311154,2.375764926,318.9311154,0.3568490919,,,,,,
318.1480119,2.376343686,318.1480119,0.3582287992,,,,,,
317.3649085,2.376916103,317.3649085,0.3596395241,,,,,,
316.581805,2.377481523,316.581805,0.3610809138,,,,,,
315.7987016,2.378039319,315.7987016,0.3625526093,,,,,,
315.0155981,2.378588881,315.0155981,0.3640542466,,,,,,
314.2324946,2.379129625,314.2324946,0.3655854573,,,,,,
313.4493912,2.379660984,313.4493912,0.3671458694,,,,,,
312.6662877,2.380182413,312.6662877,0.3687351081,,,,,,
311.8831843,2.380693387,311.8831843,0.3703527964,,,,,,
311.1000808,2.381193399,311.1000808,0.3719985556,,,,,,
310.3169773,2.381681961,310.3169773,0.3736720059,,,,,,
309.5338739,2.382158601,309.5338739,0.375372767,,,,,,
308.7507704,2.382622866,308.7507704,0.3771004587,,,,,,
307.967667,2.38307432,307.967667,0.3788547009,,,,,,
307.1845635,2.383512541,307.1845635,0.3806351144,,,,,,
306.40146,2.383937124,306.40146,0.3824413213,,,,,,
305.6183566,2.384347679,305.6183566,0.3842729449,,,,,,
304.8352531,2.38474383,304.8352531,0.3861296107,,,,,,
304.0521497,2.385125215,304.0521497,0.388010946,,,,,,
303.2690462,2.385491484,303.2690462,0.3899165805,,,,,,
302.4859427,2.385842303,302.4859427,0.3918461465,,,,,,
301.7028393,2.386177347,301.7028393,0.3937992793,,,,,,
300.9197358,2.386496305,300.9197358,0.3957756169,,,,,,
300.1366324,2.386798876,300.1366324,0.3977748006,,,,,,
299.3535289,2.387084772,299.3535289,0.399796475,,,,,,
298.5704254,2.387353714,298.5704254,0.4018402881,,,,,,
297.787322,2.387605433,297.787322,0.4039058914,,,,,,
297.0042185,2.387839672,297.0042185,0.4059929402,,,,,,
296.2211151,2.388056179,296.2211151,0.4081010935,,,,,,
295.4380116,2.388254715,295.4380116,0.4102300139,,,,,,
294.6549082,2.388435048,294.6549082,0.4123793681,,,,,,
293.8718047,2.388596955,293.8718047,0.4145488266,,,,,,
293.0887012,2.388740218,293.0887012,0.4167380638,,,,,,
292.3055978,2.388864631,292.3055978,0.4189467582,,,,,,
291.5224943,2.388969992,291.5224943,0.4211745923,,,,,,
290.7393909,2.389056107,290.7393909,0.4234212524,,,,,,
289.9562874,2.389122788,289.9562874,0.425686429,,,,,,
289.1731839,2.389169854,289.1731839,0.4279698164,,,,,,
288.3900805,2.38919713,288.3900805,0.4302711131,,,,,,
287.606977,2.389204446,287.606977,0.4325900214,,,,,,
286.8238736,2.389191639,286.8238736,0.4349262476,,,,,,
286.0407701,2.389158548,286.0407701,0.4372795019,,,,,,
285.2576666,2.389105022,285.2576666,0.4396494984,,,,,,
284.4745632,2.38903091,284.4745632,0.4420359549,,,,,,
283.6914597,2.388936068,283.6914597,0.4444385933,,,,,,
282.9083563,2.388820356,282.9083563,0.4468571389,,,,,,
282.1252528,2.388683638,282.1252528,0.449291321,,,,,,
281.3421493,2.388525782,281.3421493,0.4517408723,,,,,,
280.5590459,2.38834666,280.5590459,0.4542055292,,,,,,
279.7759424,2.388146147,279.7759424,0.4566850318,,,,,,
278.992839,2.387924121,278.992839,0.4591791235,,,,,,
278.2097355,2.387680464,278.2097355,0.4616875512,,,,,,
277.426632,2.387415062,277.426632,0.4642100651,,,,,,
276.6435286,2.387127801,276.6435286,0.4667464189,,,,,,
275.8604251,2.386818573,275.8604251,0.4692963693,,,,,,
275.0773217,2.386487271,275.0773217,0.4718596765,,,,,,
274.2942182,2.386133789,274.2942182,0.4744361034,,,,,,
273.5111148,2.385758027,273.5111148,0.4770254165,,,,,,
272.7280113,2.385359885,272.7280113,0.4796273848,,,,,,
271.9449078,2.384939263,271.9449078,0.4822417805,,,,,,
271.1618044,2.384496068,271.1618044,0.4848683787,,,,,,
270.3787009,2.384030205,270.3787009,0.4875069572,,,,,,
269.5955975,2.383541581,269.5955975,0.4901572965,,,,,,
268.812494,2.383030107,268.812494,0.4928191799,,,,,,
268.0293905,2.382495693,268.0293905,0.4954923934,,,,,,
267.2462871,2.381938252,267.2462871,0.4981767252,,,,,,
266.4631836,2.381357698,266.4631836,0.5008719664,,,,,,
265.6800802,2.380753946,265.6800802,0.5035779103,,,,,,
264.8969767,2.380126913,264.8969767,0.5062943525,,,,,,
264.1138732,2.379476515,264.1138732,0.5090210912,,,,,,
263.3307698,2.378802673,263.3307698,0.5117579266,,,,,,
262.5476663,2.378105305,262.5476663,0.5145046612,,,,,,
261.7645629,2.377384332,261.7645629,0.5172610995,,,,,,
260.9814594,2.376639676,260.9814594,0.5200270481,,,,,,
260.1983559,2.375871257,260.1983559,0.5228023158,,,,,,
259.4152525,2.375079001,259.4152525,0.5255867131,,,,,,
258.632149,2.374262829,258.632149,0.5283800526,,,,,,
257.8490456,2.373422667,257.8490456,0.5311821485,,,,,,
257.0659421,2.372558438,257.0659421,0.5339928171,,,,,,
256.2828387,2.371670069,256.2828387,0.5368118761,,,,,,
255.4997352,2.370757485,255.4997352,0.5396391452,,,,,,
254.7166317,2.369820612,254.7166317,0.5424744454,,,,,,
253.9335283,2.368859376,253.9335283,0.5453175995,,,,,,
253.1504248,2.367873705,253.1504248,0.5481684317,,,,,,
252.3673214,2.366863525,252.3673214,0.5510267679,,,,,,
251.5842179,2.365828764,251.5842179,0.5538924351,,,,,,
250.8011144,2.36476935,250.8011144,0.5567652618,,,,,,
250.018011,2.363685209,250.018011,0.5596450779,,,,,,
249.2349075,2.362576271,249.2349075,0.5625317146,,,,,,
248.4518041,2.361442462,248.4518041,0.5654250041,,,,,,
247.6687006,2.360283711,247.6687006,0.5683247801,,,,,,
246.8855971,2.359099946,246.8855971,0.5712308772,,,,,,
246.1024937,2.357891095,246.1024937,0.5741431312,,,,,,
245.3193902,2.356657087,245.3193902,0.5770613789,,,,,,
244.5362868,2.355397848,244.5362868,0.5799854582,,,,,,
243.7531833,2.354113307,243.7531833,0.5829152079,,,,,,
242.9700798,2.352803392,242.9700798,0.5858504678,,,,,,
242.1869764,2.351468031,242.1869764,0.5887910784,,,,,,
241.4038729,2.35010715,241.4038729,0.5917368814,,,,,,
240.6207695,2.348720678,240.6207695,0.5946877189,,,,,,
239.837666,2.347308541,239.837666,0.597643434,,,,,,